Codigo	Descripcion	Precio Costo	Precio Venta	Precio Mayoreo	Inventario	Inv. Minimo	Departamento
 C222		$0	$45,000	$40,000	2.00	1	- Sin Departamento -
 GOLILLA FS 120		$0	$10,000	$0	1.00	0.000	- Sin Departamento -
 PROTECTOR FACIAL CON		$0	$15,000	$0	1.00	0.000	- Sin Departamento -
 MANILLA HQV 61 268		$0	$25,000	$0	1.00	0.000	- Sin Departamento -
 580	 SALVAMANO MS310-390-260	$0	$20,000	$0	1.00	2	- Sin Departamento -
 1	1	$0	$1	$0	N/A	0.000	- Sin Departamento -
 1000	1	$0	$1	$0	N/A	0.000	- Sin Departamento -
 368286	ACEITE 10W30	$0	$12,000	$0	4.00	2	- Sin Departamento -
 6	ACEITE CADENA	$0	$1,500	$0	N/A	0.000	- Sin Departamento -
 980	ACEITE MEZCLA ANTEROS 125CC	$0	$2,900	$2,400	76.00	2	- Sin Departamento -
 1030	ACEITE MEZCLA ANTEROS 50CC	$0	$1,700	$1,200	152.00	2	- Sin Departamento -
 AC100	ACELERADOR HQV61	$0	$10,000	$9,000	8.00	2	- Sin Departamento -
 Q518100000	ACELERADOR UNIVERSAL	$0	$25,000	$0	3.00	0.000	- Sin Departamento -
 AM102	AMORTIGUADOR 380-381-382-260 KIT	$0	$15,000	$14,000	1.00	2	AMORTIGUADORES
 AM103	AMORTIGUADOR CORTO CHINO	$0	$7,000	$6,000	1.00	2	AMORTIGUADORES
 AM101	AMORTIGUADOR KIT 360	$0	$15,000	$14,000	1.00	2	AMORTIGUADORES
 503 520 048	AMORTIGUADOR MOTO CHINA LARGO	$0	$8,000	$7,000	14.00	2	AMORTIGUADORES
 4711100273466	AMORTIGUADOR ST018-180-MS170-180	$0	$4,500	$4,000	8.00	2	AMORTIGUADORES
 A100	AMORTIGUADOR STIHL 361	$0	$10,000	$9,000	3.00	2	AMORTIGUADORES
 ASE011	ANILLO 38X1,2MM ST180	$0	$16,000	$15,000	8.00	2	ANILLOS
 ANN005	ANILLOS HQV372	$0	$18,000	$17,000	5.00	2	ANILLOS
 760	AOLLADOR CASTOR GD520	$0	$320,000	$0	1.00	2	- Sin Departamento -
 560	ARNES DESBROZADORA	$0	$20,000	$0	2.00	2	- Sin Departamento -
 AVR103	AVR 186	$0	$65,000	$63,000	0.00	2	AVR
 AVR100	AVR 2K	$0	$40,000	$38,000	3.00	2	AVR
 AVR102	AVR 2K CURVO	$0	$40,000	$38,000	1.00	2	AVR
 769144350120	AVR 400V 470	$0	$60,000	$58,000	0.00	2	AVR
 AVR105	AVR 450V 470 (5KW)	$0	$68,000	$65,000	1.00	2	AVR
 AVR101	AVR REGENERADOR DE BATERIA	$0	$25,000	$23,000	1.00	2	AVR
 A105	Anillo (STIHL210)	$0	$18,000	$0	1.00	2	ANILLOS
 A101	Anillo 33x1,5 (Makita)	$0	$19,000	$0	2.00	2	ANILLOS
 A103	Anillo 34x1,2 (FS85-38)	$0	$15,000	$14,000	2.00	2	ANILLOS
 ASE020	Anillo 35x1,2 (FS120-160)	$0	$15,000	$14,000	2.00	2	ANILLOS
 ASE004	Anillo 42,5x1,2 (STHL250)	$0	$17,000	$16,000	18.00	2	ANILLOS
 ASE003	Anillo 42x1,2 (STIHL230)	$0	$12,000	$11,000	4.00	2	ANILLOS
 A104	Anillo 44,7x1,2 (STIHL260)	$0	$28,000	$26,000	4.00	2	ANILLOS
 ASE005	Anillo 47x1,2 (STIHL361)	$0	$20,000	$18,000	10.00	2	ANILLOS
 ANE019	Anillo 47x1,5 (STIHL310)	$0	$25,000	$23,000	4.00	2	ANILLOS
 ANE021	Anillo 49x1,5 (STIHL390)	$0	$18,000	$17,000	2.00	2	ANILLOS
 ASE012	Anillo 52x1,2 (380-381)	$0	$20,000	$18,000	2.00	2	ANILLOS
 A102	Anillos 37X1,2 (170)	$0	$17,000	$16,000	8.00	2	ANILLOS
 ANE011	Anillos 41x1,5 (Poulan)	$0	$15,000	$14,000	4.00	2	ANILLOS
 ASE009	Anillos 48x1,2 (340)	$0	$20,000	$0	2.00	0.000	- Sin Departamento -
 62 65 520	Anillos 52x1,5 (STIHLMS381-380)	$0	$20,000	$0	1.00	0.000	- Sin Departamento -
 ANN003	Anillos Hqv 61	$0	$18,000	$16,000	9.00	2	ANILLOS
 AVR104	Avr 6 Cables Uf350v 360f	$0	$60,000	$55,000	0.00	1	AVR
 2	BASE CILINDRO STIHL 250	$0	$12,000	$11,000	2.00	2	- Sin Departamento -
 B300	BBIMA ENCENDIDO ROBIN  EY 20	$0	$40,000	$0	1.00	0.000	- Sin Departamento -
 B105	BOBINA 310/360/260	$0	$40,000	$38,000	2.00	2	BOBINAS
 B110	BOBINA CASTOR BC415	$0	$25,000	$23,000	1.00	2	BOBINAS
 B103	BOBINA CHINA 	$0	$45,000	$43,000	3.00	2	BOBINAS
 MEY000	BOBINA ELECTRONICA PLUSS (YAMATO) MS361	$0	$45,000	$43,000	1.00	2	BOBINAS
 BOY001	BOBINA ELECTRONICA PLUSS 61-268-272	$0	$45,000	$43,000	1.00	2	BOBINAS
 MEY007	BOBINA ELECTRONICA PLUSS FS 38/45	$0	$40,000	$38,000	2.00	2	BOBINAS
 MEY001	BOBINA ELECTRONICA PLUSS MS260-310-360-380-390	$0	$45,000	$43,000	1.00	2	BOBINAS
 MEY005	BOBINA FS120	$0	$40,000	$38,000	1.00	2	BOBINAS
 B109	BOBINA GENERADOR CHINO	$0	$45,000	$43,500	1.00	2	BOBINAS
 B108	BOBINA MS180	$0	$40,000	$38,000	2.00	2	BOBINAS
 B104	BOBINA MS250	$0	$40,000	$38,000	1.00	2	BOBINAS
 B101	BOBINA MS361	$0	$45,000	$43,000	0.00	2	BOBINAS
 330	BOBINA NAYLON DESBROZADORA MTS	$0	$300	$0	600.00	2	CABEZAL
 MEY002	BOBINA PLUSS MS250-FS160-FS220	$0	$40,000	$38,000	1.00	2	BOBINAS
 B100	BOBINA PLUSS MS260/381	$0	$45,000	$43,000	1.00	2	BOBINAS
 BA101	BOMA ACEITE MOTOSIERRA MS310-390	$0	$40,000	$38,000	2.00	2	BOMBA ACEITE
 BA110	BOMBA ACEITE 070	$0	$15,000	$13,500	2.00	2	BOMBA ACEITE
 BA109	BOMBA ACEITE 170-180-210-230-250	$0	$15,000	$13,000	8.00	2	BOMBA ACEITE
 4710462421232	BOMBA ACEITE BBT ST 036-MS360	$0	$38,000	$36,500	2.00	2	BOMBA ACEITE
 BA108	BOMBA ACEITE CASTOR 5200-A73	$0	$30,000	$28,000	3.00	2	BOMBA ACEITE
 BA106	BOMBA ACEITE HQV 350	$0	$35,000	$32,000	2.00	2	BOMBA ACEITE
 503 268 013	BOMBA ACEITE HQV 61	$0	$35,000	$32,000	1.00	2	BOMBA ACEITE
 BA105	BOMBA ACEITE MOTOSIERRA 380	$0	$35,000	$32,500	1.00	2	BOMBA ACEITE
 BA102	BOMBA ACEITE MOTOSIERRA MS260	$0	$45,000	$43,000	1.00	2	BOMBA ACEITE
 4710462421447	BOMBA ACEITE MOTOSIERRA MS361	$0	$45,000	$43,000	2.00	2	BOMBA ACEITE
 BA104	BOMBA ACEITE MOTOSIERRA STIHL 360-	$0	$38,000	$37,000	1.00	2	BOMBA ACEITE
 BA100	BOMBA ACEITE MOTOSIERRA SUPERSTEEL MS382	$0	$40,000	$38,000	1.00	2	BOMBA ACEITE
 BA107	BOMBA ACEITE PARA MOTOSIERRA STIHL 310	$0	$35,000	$32,000	3.00	2	BOMBA ACEITE
 M100	BOMBIN SUCCION	$0	$9,000	$8,000	9.00	2	MEMBRANAS
 7897707506064	BUJIA MOTOR ESTACIONARIO CORTA	$0	$12,000	$11,000	1.00	14	BUJIA
 BUG001	BUJIA MOTOSIERRA/DESBROZADORA COMUN	$0	$4,500	$4,000	10.00	2	BUJIA
 87295175439	BUJIA NGK 2/T	$0	$8,000	$7,000	0.00	2	BUJIA
 7897707506354	BUJIA NGK MOTOR ESTACIONARIO 4T	$0	$8,000	$7,000	4.00	2	BUJIA
 7897707505500	BUJIA NGK MOTOSIERRA	$0	$4,500	$0	18.00	2	- Sin Departamento -
 7897707513857	BUJIA NGK STHIL NUEVA 	$0	$13,000	$12,000	6.00	2	- Sin Departamento -
 BJ100	BUJIA OREGON LARGA 2T	$0	$8,000	$7,000	2.00	2	BUJIA
 BUG005	BUJIA PEQUEÑA PLUSS USO DESBROZADORA HQV120	$0	$8,000	$7,000	12.00	2	BUJIA
 310	CABEZAL CON CADENA ORILLADORA CHINA	$0	$28,000	$0	1.00	2	CABEZAL
 280	CABEZAL FS220	$0	$28,000	$0	2.00	2	CABEZAL
 290	CABEZAL FS38	$0	$28,000	$0	3.00	2	CABEZAL
 270	CABEZAL FS85-120-250	$0	$300,000	$0	3.00	2	CABEZAL
 110	CABEZAL KEULE DESMALEZADORA CHINA VULKAN	$0	$28,000	$27,000	0.00	2	CABEZAL
 90	CABEZAL KEULE DESMALEZADORA HEAVY DUTY	$0	$28,000	$27,000	0.00	2	CABEZAL
 80	CABEZAL KEULE DESMALEZADORA HEAVY DUTY II	$0	$28,000	$27,000	8.00	2	CABEZAL
 100	CABEZAL KEULE DESMALEZADORA T25 HQV	$0	$28,000	$27,000	4.00	2	CABEZAL
 9	CABEZAL KEULE T 35	$0	$30,000	$0	2.00	1	- Sin Departamento -
 8	CABEZAL KEULE T45 HQV	$0	$28,000	$0	1.00	2	CABEZAL
 300	CABEZAL ORILLADORA ELECTRICA	$0	$10,000	$0	2.00	2	CABEZAL
 PAI001	CABLE BUJIA 1/2MTS	$0	$5,000	$4,500	8.00	10	BOBINAS
 C210	CABURADOR MOTOSIERRA CHINA 5200-5800	$0	$45,000	$0	1.00	2	CARBURADORES
 C10	CADENA 25/D STIHL170	$0	$15,000	$14,000	9.00	2	CADENAS
 C120	CADENA 26/D HQV61-268	$0	$25,000	$24,000	10.00	2	CADENAS
 C20	CADENA 27/D STIHL180-210	$0	$16,500	$15,000	8.00	2	CADENAS
 C70	CADENA 28/D 3/8E HQV120 ELECTRICA 	$0	$18,000	$17,000	9.00	2	CADENAS
 C30	CADENA 30/D STIHL230	$0	$18,000	$17,000	10.00	2	CADENAS
 C80	CADENA 33/D HQV235-236-120 CASTOR 4100 	$0	$22,000	$21,000	10.00	2	CADENAS
 C40	CADENA 34/D 325 STIHL250	$0	$19,000	$18,000	6.00	2	CADENAS
 C90	CADENA 36/D HQV440-445-450 CASTOR 52CC-CHINAS	$0	$22,000	$21,000	9.00	2	CADENAS
 C60	CADENA 36/D STIHL310-340-360-361-380-381-382-390	$0	$22,000	$21,000	0.00	2	CADENAS
 C50	CADENA 37/D 325 STIHL260	$0	$24,000	$23,000	10.00	2	CADENAS
 C110	CADENA 39/D CASTOR	$0	$24,000	$23,000	7.00	2	CADENAS
 380	CAJA DE ENGRANAJE 9 ESTRIAS	$0	$40,000	$0	1.00	2	- Sin Departamento -
 390	CAJA ENGRANAJE STIHL FS120	$0	$70,000	$0	1.00	2	- Sin Departamento -
 400	CAJA ENGRANAJE STIHL FS220	$0	$70,000	$0	1.00	2	- Sin Departamento -
 7512228	CARBON GENERADOR 168F	$1,090	$2,500	$0	2.00	2	- Sin Departamento -
 7512215	CARBON GENERADOR 188F 5-8 KW	$1,190	$2,500	$0	2.00	2	- Sin Departamento -
 CARBONES GENERADOR	CARBONES 168F	$0	$15,000	$0	2.00	0.000	- Sin Departamento -
 CARBONES DE GENERADO	CARBONES 5.8 KV	$0	$15,000	$0	2.00	0.000	- Sin Departamento -
 C219	CARBURADOR BAUKER	$0	$45,000	$0	1.00	2	CARBURADORES
 C13-1128	CARBURADOR BAUKER GX390	$0	$60,000	$55,000	0.00	1	CARBURADORES
 C218	CARBURADOR CASTOR 4100	$0	$40,000	$0	1.00	2	CARBURADORES
 C204	CARBURADOR DESMALEZADORA CHINA 26CC	$0	$50,000	$0	2.00	2	CARBURADORES
 131136	CARBURADOR DESMALEZADORA FS120	$0	$55,000	$0	2.00	2	CARBURADORES
 C108	CARBURADOR DESMALEZADORA HQV 128L	$0	$35,000	$34,000	1.00	2	CARBURADORES
 C203	CARBURADOR DESMALEZADORA HQV 33CC	$0	$60,000	$0	1.00	2	CARBURADORES
 CAR033	CARBURADOR FS120-200-250 PLUSS	$0	$55,000	$0	2.00	2	CARBURADORES
 814426830785	CARBURADOR HONDA	$0	$60,000	$0	1.00	2	CARBURADORES
 C107	CARBURADOR HQV350	$0	$65,000	$63,000	1.00	2	CARBURADORES
 C106	CARBURADOR HQV61	$0	$65,000	$63,000	4.00	2	CARBURADORES
 C211	CARBURADOR MOTOSIERRA 236	$0	$45,000	$0	1.00	2	CARBURADORES
 C212	CARBURADOR MOTOSIERRA 440	$0	$60,000	$0	1.00	2	CARBURADORES
 C217	CARBURADOR MOTOSIERRA 445	$0	$55,000	$0	1.00	2	CARBURADORES
 C215	CARBURADOR MOTOSIERRA HQV 120	$0	$35,000	$0	2.00	2	CARBURADORES
 C216	CARBURADOR MOTOSIERRA MS180 TIPO ZAMA ANBA	$0	$38,000	$0	1.00	2	CARBURADORES
 C214	CARBURADOR MOTOSIERRA MS260 TIPO ZAMA	$0	$70,000	$0	1.00	2	CARBURADORES
 C220	CARBURADOR MOTOSIERRA MS310 TIPO WALBRO	$0	$60,000	$0	3.00	2	CARBURADORES
 C213	CARBURADOR MOTOSIERRA MS360	$0	$70,000	$0	1.00	2	CARBURADORES
 C207	CARBURADOR MOTOSIERRA MS361	$0	$60,000	$0	1.00	2	CARBURADORES
 C209	CARBURADOR MOTOSIERRA MS381	$0	$45,000	$0	1.00	2	CARBURADORES
 C208	CARBURADOR MOTOSIERRA MS382	$0	$60,000	$0	1.00	2	CARBURADORES
 131110	CARBURADOR ORILLADORA FS38	$0	$35,000	$0	1.00	2	CARBURADORES
 5901234123457	CARBURADOR RAISMAN (210-230-250)	$0	$38,000	$0	3.00	2	CARBURADORES
 C200	CARBURADOR RAISMAN 42CC	$0	$40,000	$0	4.00	2	CARBURADORES
 C201	CARBURADOR RAISMAN STIHL 170-180	$0	$38,000	$0	11.00	2	CARBURADORES
 620	CARBURADOR WALBRO 361	$0	$60,000	$0	0.00	2	CARBURADORES
 770	CEBADOR CARBURADOR GRANDE	$0	$8,000	$7,000	4.00	2	- Sin Departamento -
 771	CEBADOR CHICO	$0	$5,000	$0	10.00	0.000	- Sin Departamento -
 240	CILINDRO KIT PARA PISTON H61	$0	$75,000	$0	1.00	2	- Sin Departamento -
 251	CILINDRO MS 361	$0	$70,000	$0	1.00	0.000	- Sin Departamento -
 260	CILINDRO MS260	$0	$60,000	$0	1.00	2	- Sin Departamento -
 230	CILINDRO PISTON ST-MS210	$0	$70,000	$65,000	1.00	2	ESPADA
 250	CILINDRO PISTON ST-MS310	$0	$70,000	$0	1.00	2	- Sin Departamento -
 503 235 040	CINTA DE FRENO MOTOSIERRA RAISMAN HQV236-235	$0	$8,000	$7,000	1.00	2	- Sin Departamento -
 503 361 059	CINTA FRENO RAISMAN STIHL MS361	$0	$10,000	$9,000	1.00	2	TENSOR/PERNO/REGULDR
 C101	CODO ADMISION STIHL 210-230-250	$0	$10,000	$8,000	5.00	2	CODOS
 C100	CODO ADMISOR 260	$0	$10,000	$8,500	2.00	2	CODOS
 C105	CODO FS160-220-250	$0	$10,000	$8,000	1.00	2	CODOS
 C103	CODO STIHL 170-180	$0	$10,000	$8,000	1.00	2	CODOS
 C104	CODO STIHL 310-390	$0	$10,000	$8,000	1.00	2	CODOS
 C102	CODO STIHL 361	$0	$10,000	$8,000	2.00	2	CODOS
 750	CORTADOR DE CETOS CASTOR	$0	$220,000	$0	1.00	2	- Sin Departamento -
 RA108	CUARDA DE ARRANQUE HQV 445	$0	$9,000	$8,000	3.00	2	RESORTE DE ARRANQUE
 70	CUCHILLA CORTA CESPED KEULE	$0	$30,000	$0	2.00	2	- Sin Departamento -
 160	CUCHILLA KEULE 12 PODADOR LITUNA	$0	$30,000	$0	1.00	2	ESPADA
 RA110	CUERDA DE ARRANQUE STIHL FS38	$0	$10,000	$8,500	2.00	2	RESORTE DE ARRANQUE
 PAC013	CUERDA DE PARTIDA FS220-250	$0	$10,000	$8,500	1.00	2	RESORTE DE ARRANQUE
 PAC009	CUERDA DE PARTIDA ORILLADORA/DESBROSADORA STIHL	$0	$9,000	$8,000	1.00	2	RESORTE DE ARRANQUE
 H43001	CUERDA DE PARTIDA PLUSS HQV 143	$0	$13,000	$12,000	1.00	2	RESORTE DE ARRANQUE
 RA109	CUERDA DE PARTIDA STIHL 180/170/210/250/361	$0	$9,000	$8,000	4.00	2	RESORTE DE ARRANQUE
 CP100	CUERDA PARTIDA MS260	$0	$12,000	$10,500	2.00	2	RESORTE DE ARRANQUE
 PAC005	CUERDA PARTIDA PLUSS STIHL MS361	$0	$10,000	$8,500	2.00	2	RESORTE DE ARRANQUE
 PAC011	CUERDAS DE PARTIDA PLUSS HQV 120-235-236	$0	$15,000	$13,500	2.00	2	RESORTE DE ARRANQUE
 271	Cabezal Fs 45 Stihl	$0	$30,000	$0	3.00	0.000	- Sin Departamento -
 CARDAN LEXIBLE PARA 	Cardan Flexible Fs 38	$0	$25,000	$0	1.00	0.000	- Sin Departamento -
 CARDAN FLEXIBLEFS55	Cardan Flexible Fs 55	$0	$25,000	$0	1.00	0.000	- Sin Departamento -
 CLIP	Clip Chico D Piñon	$0	$5,000	$0	10.00	0.000	- Sin Departamento -
 740	DESMALEZADORA CASTOR BC260	$0	$172,000	$0	1.00	2	- Sin Departamento -
 720	DESMALEZADORA CASTOR BC415	$0	$200,000	$0	1.00	2	- Sin Departamento -
 730	DESMALEZADORA CASTOR BC508	$0	$279,000	$0	1.00	2	- Sin Departamento -
 710	DESMALEZADORA CASTOR WBC508 C/RUEDA 253	$0	$259,000	$0	0.00	2	- Sin Departamento -
 680	DESMALEZADORA PLUSS P52	$0	$150,000	$0	1.00	2	LIMAS
 690	DESMALEZADORA TIGER T52	$0	$140,000	$0	2.00	2	LIMAS
 30	DIAGNOSTICO	$0	$15,000	$0	1.00	0.000	MANO DE OBRA
 530	DISCO 3 PUNTAS DESMALEZADORA 	$0	$18,000	$0	3.00	2	- Sin Departamento -
 520	DISCO DESMALEZADORA CHINA 59D	$0	$30,000	$0	1.00	2	- Sin Departamento -
 540	DISCO PLUSS DESMALEZADORA	$0	$35,000	$0	1.00	2	- Sin Departamento -
 3	EJE DE FUERZA ORILLADOR FS38	$0	$28,000	$27,000	2.00	2	- Sin Departamento -
 BJ101	EJE DE INTERRUPTOR MOTOSIERRA STIHL MS250	$0	$10,000	$9,000	5.00	2	FILTROS BENCINA
 E104	EMBRAGUE 170-180-210-230-250	$0	$15,000	$13,000	2.00	2	EMBRAGUES
 E109	EMBRAGUE 250	$0	$15,000	$14,000	2.00	2	EMBRAGUES
 E105	EMBRAGUE CASTOR	$0	$35,000	$33,000	0.00	2	EMBRAGUES
 E100	EMBRAGUE CHINO	$0	$15,000	$13,500	2.00	2	EMBRAGUES
 4710562341881	EMBRAGUE COMPLETO HQV 61	$0	$18,000	$17,000	1.00	2	EMBRAGUES
 4710792769745	EMBRAGUE COMPLETO ST 038	$0	$18,000	$17,000	1.00	2	EMBRAGUES
 E103	EMBRAGUE DEMALEZADORA CHINA	$0	$18,000	$17,000	5.00	2	EMBRAGUES
 E108	EMBRAGUE DESBROZADORA	$0	$18,000	$17,000	1.00	2	EMBRAGUES
 E101	EMBRAGUE DESBROZADORA SUPERSTEEL 430-520CC	$0	$18,000	$17,000	2.00	2	EMBRAGUES
 E102	EMBRAGUE DESMALEZADORA SUPERSTEEL KMT CHINO	$0	$18,000	$17,000	3.00	2	EMBRAGUES
 E113	EMBRAGUE HIGH QUALITY 43CC 52CC	$0	$18,000	$17,000	1.00	2	EMBRAGUES
 E114	EMBRAGUE HQV61	$0	$18,000	$17,000	3.00	2	EMBRAGUES
 E110	EMBRAGUE ORILLADORA CHINA	$0	$20,000	$19,000	1.00	2	EMBRAGUES
 505 199 8081	EMBRAGUE RAISMAN HQV 236-235	$0	$12,000	$10,000	2.00	2	EMBRAGUES
 E106	EMBRAGUE STIHL 260	$0	$20,000	$18,500	1.00	2	EMBRAGUES
 E112	EMBRAGUE STIHL361	$0	$25,000	$23,000	2.00	2	EMBRAGUES
 E111	EMBRAGUE SUPERSTEEL STIHL MS 310	$0	$20,000	$18,000	3.00	2	EMBRAGUES
 E107	EMBRAGUE SUPERSTEEL STIHL MS382	$0	$18,000	$17,000	1.00	2	EMBRAGUES
 50-10715	EMGRANAJE PARA DESMALEZADORA CHINA	$0	$1,000	$0	2.00	1	- Sin Departamento -
 780	EMPAQUETADORAS DESMALEZADORA CHINA 33CC	$0	$12,000	$11,000	2.00	2	- Sin Departamento -
 820	EMPAQUETADURA COMPLETA HQV 61-268	$0	$20,000	$19,000	1.00	2	- Sin Departamento -
 860	EMPAQUETADURA HQV 235-236	$0	$5,000	$4,000	1.00	2	- Sin Departamento -
 830	EMPAQUETADURA HQV 350	$0	$10,000	$9,000	1.00	2	- Sin Departamento -
 840	EMPAQUETADURA HQV 61-268	$0	$10,000	$9,000	2.00	2	- Sin Departamento -
 EM100	EMPAQUETADURA HQV FS128	$0	$20,000	$18,000	2.00	2	EMPAQUETADURA
 503 381 047	EMPAQUETADURA RAISMAN STIHL MS381-38	$1,000	$8,000	$7,000	2.00	2	EMPAQUETADURA
 851	EMPAQUETADURA STHIL 361	$0	$10,000	$8,000	2.00	1	EMPAQUETADURA
 810	EMPAQUETADURA STIHL 260	$0	$8,000	$7,000	1.00	2	- Sin Departamento -
 790	EMPAQUETADURA STIHL 360-340	$0	$20,000	$19,000	2.00	2	- Sin Departamento -
 800	EMPAQUETADURA STIHL 382	$0	$10,000	$9,000	1.00	2	- Sin Departamento -
 850	EMPAQUETADURA STIHL CARBURADOR/ESCAPE 210-230-250	$0	$5,000	$4,000	13.00	2	- Sin Departamento -
 805232109350	ENGRANAJE+SINFIN HQV288	$0	$10,000	$85,000	3.00	2	SIN FIN
 50	ENGRASE CAJA DE ENGRANAJE	$0	$8,000	$0	N/A	0.000	MANO DE OBRA
 951	ESCAPE 310 390	$0	$45,000	$0	2.00	1	- Sin Departamento -
 960	ESCAPE HQV 61	$0	$35,000	$0	2.00	2	- Sin Departamento -
 CCE016	ESCAPE PLUSS MS170-180	$0	$25,000	$24,000	2.00	2	- Sin Departamento -
 CCE004	ESCAPE PLUSS MS250-025-021	$0	$25,000	$24,000	2.00	2	- Sin Departamento -
 930	ESCAPE STIHL MS260	$0	$30,000	$29,000	2.00	2	- Sin Departamento -
 920	ESCAPE STIHL MS360	$0	$35,000	$34,000	1.00	2	- Sin Departamento -
 940	ESCAPE STIHL MS361	$0	$35,000	$0	2.00	2	- Sin Departamento -
 950	ESCAPE STIHL MS381	$0	$35,000	$0	1.00	2	- Sin Departamento -
 201	ESPADA BOLIN PARA 36 DIENTES	$0	$30,000	$0	1.00	1	ESPADA
 190	ESPADA HQV236	$0	$35,000	$0	2.00	2	ESPADA
 120	ESPADA KEULE 18 MOTOSIERRA STIHL 250	$0	$38,000	$0	3.00	2	ESPADA
 150	ESPADA KEULE 20 STIHL 310-340-360-361-380-381-382-390	$0	$40,000	$0	2.00	2	ESPADA
 170	ESPADA OREGON CASTOR 598	$0	$45,000	$0	0.00	2	ESPADA
 2010	ESPADA PARA HQV 445 440	$0	$40,000	$0	1.00	0.000	- Sin Departamento -
 180	ESPADA PLUSS 14 STIHL 170	$0	$30,000	$0	1.00	2	ESPADA
 130	ESPADA PLUSS 16 STIHL 210	$0	$35,000	$0	2.00	2	ESPADA
 220	ESPADA PLUSS HQV61-357 OLEOMAC 956	$0	$40,000	$0	1.00	2	ESPADA
 140	ESPADA PLUSS POULAN/BAUKER/MAKITA/CHINA	$0	$30,000	$0	0.00	2	ESPADA
 200	ESPADA TIGER CHINA	$0	$25,000	$0	1.00	2	ESPADA
 EJE DESBROSADORA FS 	Eje Desbrozadora Fs 120	$0	$20,000	$0	1.00	0.000	- Sin Departamento -
 FL101	FILTRO BENCINA ORIGINAL DELGADO STIHL	$0	$4,500	$4,000	0.00	2	FILTROS BENCINA
 CAF003	FILTRO BENCINA PLUSS POREX ORIGINAL	$0	$4,500	$4,000	10.00	2	FILTROS BENCINA
 FL100	FILTRO BENCINA RAISMAN BOCA PEQUEÑA 	$0	$4,500	$4,000	12.00	2	FILTROS BENCINA
 F100	FILTRO DE AIRE 172-182	$0	$1,000	$800	6.00	2	FILTRO DE AIRE
 F105	FILTRO DE AIRE 310-390	$0	$12,000	$11,000	2.00	2	FILTRO DE AIRE
 F116	FILTRO DE AIRE CASTOR 4100	$0	$6,000	$5,000	1.00	2	FILTRO DE AIRE
 F106	FILTRO DE AIRE CASTOR VC508	$0	$10,000	$9,000	1.00	2	FILTRO DE AIRE
 F107	FILTRO DE AIRE CHINO	$0	$10,000	$9,000	1.00	2	FILTRO DE AIRE
 F109	FILTRO DE AIRE FS120-200-250	$0	$10,000	$9,000	13.00	2	FILTRO DE AIRE
 F110	FILTRO DE AIRE FS28-45-55	$0	$7,000	$6,000	8.00	2	FILTRO DE AIRE
 F118	FILTRO DE AIRE HQV 128L	$0	$4,500	$4,000	3.00	2	FILTRO DE AIRE
 F108	FILTRO DE AIRE HQV 350	$0	$12,000	$11,000	4.00	2	FILTRO DE AIRE
 F121	FILTRO DE AIRE HQV 361-365-372	$0	$12,000	$11,000	2.00	2	FILTRO DE AIRE
 F103	FILTRO DE AIRE HQV 440	$0	$12,000	$11,000	7.00	2	FILTRO DE AIRE
 F104	FILTRO DE AIRE HQV 450-445	$0	$12,000	$11,000	7.00	2	FILTRO DE AIRE
 F120	FILTRO DE AIRE HQV 61	$0	$12,000	$11,000	2.00	2	FILTRO DE AIRE
 F111	FILTRO DE AIRE HQV120 CHICA	$0	$12,000	$11,000	2.00	2	FILTRO DE AIRE
 F112	FILTRO DE AIRE HQV236-235-120	$0	$5,000	$4,000	6.00	2	FILTRO DE AIRE
 F119	FILTRO DE AIRE HQV372-365	$0	$16,000	$15,000	2.00	2	FILTRO DE AIRE
 F113	FILTRO DE AIRE MOTOSIERRA CHINA CORTO	$0	$10,000	$9,000	3.00	2	FILTRO DE AIRE
 F114	FILTRO DE AIRE MOTOSIERRA CHINA LARGO	$0	$10,000	$9,000	1.00	2	FILTRO DE AIRE
 F102	FILTRO DE AIRE STIHL 170-180	$0	$4,500	$4,000	18.00	2	FILTRO DE AIRE
 F115	FILTRO DE AIRE STIHL 260	$0	$12,000	$11,000	4.00	2	FILTRO DE AIRE
 F117	FILTRO DE AIRE STIHL210-230-250	$0	$8,000	$7,000	14.00	2	FILTRO DE AIRE
 F101	FILTRO DE AIRE STIL361	$0	$12,000	$11,000	2.00	2	FILTRO DE AIRE
 FL 116	FILTRO DE AIRES MS 360	$0	$12,000	$0	2.00	0.000	FILTRO DE AIRE
 F140	FILTRO DE COMBUSTIBLE MOTOR 186F C/LLAVE DE PASO	$9,490	$35,000	$0	1.00	2	FILTROS BENCINA
 F130	FILTRO DE COMBUSTIBLE MOTOR 186F C/LLAVE DE PASO  REEMPLAZO	$1,490	$10,000	$0	2.00	2	- Sin Departamento -
 5	FILTRO PETROLEO	$0	$12,000	$11,000	1.00	2	- Sin Departamento -
 4	FILTRO PETROLEO SUPERSTEEL 178-188-192F	$0	$12,000	$11,000	2.00	2	- Sin Departamento -
 CAF007	FILTROS BENCINA PLUSS GRUESO STIHL	$0	$4,500	$4,000	23.00	2	FILTROS BENCINA
 FILTO DE AIRE	Filtri De Aire Chino 	$0	$8,000	$0	2.00	1	FILTRO DE AIRE
 FL115	Filtro De Bencina Chino	$0	$4,500	$0	9.00	0.000	- Sin Departamento -
 B102	GORRO BUJIA MOTOSIERRA C/STIHL	$0	$5,000	$4,500	3.00	2	BOBINAS
 B107	GORRO BUJIA RAISMAN+CABLE 30CM	$0	$5,000	$4,500	10.00	2	BOBINAS
 PAU001	GORRO BUJIA STIHL C/RESORTE	$0	$5,000	$4,500	10.00	2	BOBINAS
 5400182076636	GUANTES OREGON	$0	$20,000	$0	1.00	2	- Sin Departamento -
 G100	GUARDAPOLVO HQV61	$0	$3,000	$2,000	6.00	2	- Sin Departamento -
 B106	INTERRUPTOR 61-236	$0	$5,000	$4,500	8.00	2	BOBINAS
 I1	INTERRUPTOR MOTOR ESTACIONARIO	$0	$5,000	$4,000	3.00	2	- Sin Departamento -
 503 520 185	INTERRUPTOR RAISMAN MOTOSIERRA CHINA	$0	$5,000	$4,000	2.00	2	- Sin Departamento -
 INTERUPTOR	Interuptor Dos Pines	$0	$6,000	$0	10.00	0.000	BOBINAS
 AM100	KIT AMORTIGUADOR MS381-382	$0	$15,000	$0	1.00	2	MANGO DE PARTIDA
 M103	KIT DE MEMBRANA POULAN-2150 HQV136	$0	$18,000	$17,000	8.00	2	MEMBRANAS
 M102	KIT MEMBRANA 250ANTIGUA-260-CHINA	$0	$18,000	$16,000	18.00	2	MEMBRANAS
 7HH800434	KIT MEMBRANA HONDA-MITSUBISHI-CHINA	$0	$20,000	$18,000	4.00	2	MEMBRANAS
 M101	KIT MEMBRANA MOTOSIERRA 210-230-250 ZAMA	$0	$17,000	$16,000	6.00	2	MEMBRANAS
 805232079608	KIT REPARACIÓN CARBURADOR BRIGGS & STRATTON 394698	$3,000	$6,000	$5,000	3.00	2	CARBURADORES
 7	LIMA DE MOTO 310	$0	$2,000	$0	10.00	2	- Sin Departamento -
 5400182008231	LIMA PLANA OREGON 6	$0	$3,500	$0	72.00	2	- Sin Departamento -
 630	LIMA PLANA OREGON 8	$0	$5,500	$0	7.00	2	- Sin Departamento -
 640	LIMA REDONDA KEULE 3/16 MEDIANA	$0	$2,000	$1,500	36.00	2	LIMAS
 660	LIMA REDONDA KEULE 5/32 FINA	$0	$2,000	$1,500	52.00	2	LIMAS
 650	LIMA REDONDA KEULE 7/32 GRUESA	$0	$2,000	$1,500	34.00	2	LIMAS
 PÑ113	LLAVE BUJIA MOTOR ESTACIONARIO	$0	$8,000	$5,000	2.00	2	PIÑONES
 PÑ112	LLAVE BUJIA PUNTA ESTRELLA	$0	$6,000	$5,000	10.00	2	PIÑONES
 PÑ111	LLAVE DE BUJIA PALETA	$0	$6,000	$5,000	4.00	2	PIÑONES
 MP100	MANGO DE LIMA	$0	$1,000	$0	5.00	2	MANGO DE PARTIDA
 4710562340709	MANGO DE PARTIDA HQV	$0	$4,000	$3,000	26.00	2	MANGO DE PARTIDA
 370	MANGO MANILLAR MOTO STIHL 380	$0	$15,000	$0	1.00	2	- Sin Departamento -
 360	MANGO MANILLAR MOTO STIHL361	$0	$15,000	$0	1.00	2	- Sin Departamento -
 340	MANGOS ACELERADOR AOLLADOR	$0	$25,000	$0	1.00	2	- Sin Departamento -
 350	MANGOS ACELERADOR DESBROZADORA HQV/CHINA	$0	$30,000	$0	1.00	2	- Sin Departamento -
 MB106	MANGUERA ACEITE STIHL MS260	$0	$5,000	$4,000	1.00	2	MANGUERA BENCINA
 MB104	MANGUERA ACEITE STIHL361	$0	$4,000	$3,000	1.00	2	MANGUERA BENCINA
 MB100	MANGUERA BENCINA CASTOR 038	$0	$8,000	$7,000	5.00	2	MANGUERA BENCINA
 MB102	MANGUERA BENCINA CASTOR STIHL MS250	$0	$8,000	$0	6.00	2	MANGUERA BENCINA
 MB109	MANGUERA BENCINA DESBROZADORA CHINA	$0	$10,000	$9,000	1.00	2	MANGUERA BENCINA
 MB103	MANGUERA BENCINA MOTO CHINA	$0	$5,000	$4,000	2.00	2	MANGUERA BENCINA
 503 180 040	MANGUERA BENCINA RAISMAN STIHL MS170-180	$0	$8,000	$7,000	3.00	2	MANGUERA BENCINA
 MB101	MANGUERA BENCINA RAISMAN STIHL MS360-310-390	$0	$10,000	$9,000	3.00	2	MANGUERA BENCINA
 503 361 036	MANGUERA BENCINA RAISMAN STIHL MS361	$0	$8,000	$7,000	4.00	2	MANGUERA BENCINA
 MB105	MANGUERA BENCINA STIHL MS381	$0	$5,000	$4,000	1.00	2	MANGUERA BENCINA
 1610024	MANGUERA DE BENCINA 2.5MM X 5MM	$620	$2,000	$0	5.00	0.000	MANGUERA BENCINA
 1610058	MANGUERA DE BENCINA 2MM X 3.5MM	$490	$2,000	$0	5.00	2	MANGUERA BENCINA
 1610059	MANGUERA DE BENCINA 3MM X 5MM	$690	$2,000	$0	5.00	2	MANGUERA BENCINA
 60	MANO DE OBRA	$0	$15,000	$0	N/A	0.000	MANO DE OBRA
 40	MANTENCION MOTOSIERRA 	$0	$20,000	$0	N/A	0.000	MANO DE OBRA
 MEM024	MEMBRANA  MS 250 WALBRO	$0	$18,000	$0	5.00	1	- Sin Departamento -
 M113	MEMBRANA 361 WALBRO	$0	$18,000	$17,000	4.00	2	MEMBRANAS
 M109	MEMBRANA DESMALEZADORA FS120	$0	$18,000	$17,000	6.00	2	MEMBRANAS
 M108	MEMBRANA DESMALEZADORA VARIAS	$0	$18,000	$17,000	4.00	2	MEMBRANAS
 M107	MEMBRANA HQV128	$0	$18,000	$17,000	1.00	2	MEMBRANAS
 M104	MEMBRANA HQV445	$0	$25,000	$23,000	5.00	2	MEMBRANAS
 M105	MEMBRANA HQV61 WALBRO	$0	$25,000	$23,000	9.00	2	MEMBRANAS
 43 20 149	MEMBRANA MOTOSIERRA RAISMAN HQV 236-235-120 MARKII	$0	$20,000	$18,000	8.00	2	MEMBRANAS
 MEM025	MEMBRANA PARA DEAMALEZADORA CHUNA	$0	$20,000	$0	5.00	0.000	- Sin Departamento -
 M106	MEMBRANA PLUSS TILLOTSON HQV61-268	$0	$25,000	$23,000	4.00	2	MEMBRANAS
 4310033	MEMBRANA RAISMAN STIHL MS170 FS120-250	$15,000	$18,000	$17,000	18.00	2	MEMBRANAS
 M115	MEMBRANA STIHL 034-36	$0	$18,000	$17,000	7.00	2	MEMBRANAS
 M110	MEMBRANA STIHL 070	$0	$25,000	$23,000	1.00	2	MEMBRANAS
 M112	MEMBRANA STIHL 381-380	$0	$30,000	$28,500	2.00	2	MEMBRANAS
 43 20 013	MEMBRANA STIHL FS169-220-280	$0	$18,000	$17,000	7.00	2	MEMBRANAS
 M114	MEMBRANA STIHL310-390	$0	$20,000	$19,000	3.00	2	MEMBRANAS
 MEM023	MEMBRANA ZAMA170-180 STIHLMS120-250-350	$0	$18,000	$17,000	14.00	2	MEMBRANAS
 700	MOTOSIERRA CASTOR 5200	$0	$280,000	$0	1.00	2	- Sin Departamento -
 600	MOTOSIERRA CASTOR 598	$0	$300,000	$0	1.00	2	- Sin Departamento -
 610	MOTOSIERRA CASTOR TTYD55	$0	$400,000	$0	1.00	2	- Sin Departamento -
 670	MOTOSIERRA PLUSS PRO380 52CC	$0	$165,000	$0	0.00	2	LIMAS
 MANGERAFS 38	Manguera Orilladora Fs 38	$0	$12,000	$0	3.00	0.000	- Sin Departamento -
 MANILLAR	Manillar Motosierra China 5200	$0	$20,000	$0	1.00	0.000	- Sin Departamento -
 N 10	NYLON 2.4	$0	$300	$0	80.00	2	- Sin Departamento -
 TR104	PERNO CARBONO HQV61	$0	$5,000	$4,000	4.00	2	TENSOR/PERNO/REGULDR
 TR103	PERNO ESCAPE  STIHL 170-180-210-230-250	$0	$8,000	$7,000	4.00	2	TENSOR/PERNO/REGULDR
 TR101	PERNO ESCAPE STIHL 310-390	$0	$8,000	$7,000	3.00	2	TENSOR/PERNO/REGULDR
 EMP003	PERNO TENSOR DE CADENA PLUSS 61-268-266	$0	$5,000	$4,000	2.00	2	TENSOR/PERNO/REGULDR
 320	PIOLA ARRANQUE	$0	$1,500	$0	147.00	2	CABEZAL
 P 107	PISTON 390	$0	$40,000	$0	1.00	0.000	- Sin Departamento -
 P113	PISTON CASTOR STIHL 038/MS381 (52MM)	$0	$40,000	$38,000	2.00	2	PISTONES
 PIC024	PISTON CON ANILLO 017-170 (37MM)	$0	$40,000	$37,500	2.00	2	PISTONES
 PIO010	PISTON CON ANILLO PLUSS HQV268	$0	$45,000	$43,000	1.00	2	PISTONES
 P101	PISTON FS55 (34MM)	$0	$40,000	$37,500	2.00	2	PISTONES
 PIS107	PISTON MOTOSIERRA 45CC	$0	$25,000	$0	2.00	0.000	PISTONES
 503 520 013	PISTON MOTOSIERRA CHINA (45X1,2MM)	$0	$25,000	$23,000	1.00	2	PISTONES
 P109	PISTON MS180	$0	$40,000	$38,000	1.00	2	PISTONES
 P103	PISTON MS210 (40MM)	$0	$45,000	$43,000	2.00	2	PISTONES
 P102	PISTON MS250 (42,5MM)	$0	$40,000	$37,500	4.00	2	PISTONES
 P100	PISTON MS361 (47MM)	$0	$40,000	$37,500	2.00	2	PISTONES
 P112	PISTON MS382 (52MM)	$0	$50,000	$48,000	1.00	2	PISTONES
 P105	PISTON PLUSS FS 160	$0	$40,000	$38,000	1.00	2	PISTONES
 P104	PISTON PLUSS FS 85 	$0	$40,000	$38,000	2.00	2	PISTONES
 P108	PISTON PLUSS FS120	$0	$40,000	$38,000	1.00	2	PISTONES
 P107	PISTON PLUSS FS220	$0	$40,000	$38,000	1.00	2	PISTONES
 PIO009	PISTON PLUSS HQV61	$0	$40,000	$38,000	4.00	2	PISTONES
 503 360 020	PISTON RAISMAN STIHL MS360 (48MM)	$0	$60,000	$58,000	2.00	2	PISTONES
 P111	PISTON SUPERSTEEL HUS435-440	$0	$40,000	$38,000	1.00	2	PISTONES
 P110	PISTON SUPERSTEEL MS260	$0	$50,000	$48,000	2.00	2	PISTONES
 PIC005	PISTONES CON ANILLOS MS310 (47MM) PLUSS	$0	$40,000	$37,500	4.00	2	PISTONES
 P114	PISTONES HQV372	$0	$35,000	$33,000	2.00	2	PISTONES
 P106	PISTONM RAISMAN STIHL MS360 (48MM)	$0	$50,000	$58,000	3.00	2	PISTONES
 PÑ106	PIÑON 180	$0	$19,000	$18,000	2.00	2	PIÑONES
 PÑ104	PIÑON 260	$0	$25,000	$23,000	1.00	2	PIÑONES
 PÑ117	PIÑON 3/8 ESPECIAL 170-180-HQV	$0	$8,000	$7,000	3.00	2	PIÑONES
 PÑ114	PIÑON 3/8-7	$0	$8,000	$7,000	4.00	2	PIÑONES
 PÑ115	PIÑON 3/8-8	$0	$8,000	$7,000	3.00	2	PIÑONES
 PÑ116	PIÑON 325-7	$0	$8,000	$7,000	20.00	2	PIÑONES
 PÑ118	PIÑON COMPLETO HQV236-235-120	$0	$25,000	$23,000	1.00	2	PIÑONES
 910	PIÑON FLOTANTE 170-180	$0	$20,000	$19,000	1.00	2	PIÑONES
 PÑ120	PIÑON FLOTANTE 325/7	$0	$8,000	$7,000	2.00	2	PIÑONES
 PÑ107	PIÑON HQV 365	$0	$35,000	$33,000	1.00	2	PIÑONES
 PÑ109	PIÑON HQV 435	$0	$35,000	$33,000	1.00	2	PIÑONES
 PÑ100	PIÑON STIHL 250	$0	$20,000	$18,000	4.00	2	PIÑONES
 PÑ105	PIÑON STIHL 310-390	$0	$25,000	$23,000	4.00	2	PIÑONES
 550	PIÑON STIHL 361	$0	$40,000	$0	1.00	2	PIÑONES
 PÑ102	PIÑON SUPERSTEEL DESBROZADORA 7T	$0	$20,000	$18,500	2.00	2	PIÑONES
 PÑ101	PIÑON SUPERSTEEL HQV340-345	$0	$18,000	$16,000	3.00	2	PIÑONES
 PÑ103	PIÑON Y EMBRAGUE CASTOR 4100	$0	$20,000	$18,500	1.00	2	PIÑONES
 PÑ110	PIÑONES FLOTANTES 3/8-7	$0	$8,000	$7,000	5.00	2	PIÑONES
 PL1	PLATINO STIHL 0/70	$0	$25,000	$23,500	2.00	2	- Sin Departamento -
 PL104	POLEA DE PARTIDA 120-235-236	$0	$18,000	$16,000	3.00	2	POLEAS
 PL103	POLEA DE PARTIDA MOTOSIERRA CHINA BAUKER	$0	$9,000	$8,000	4.00	2	POLEAS
 PL105	POLEA DE PARTIDA MOTOSIERRA MS250	$0	$9,000	$8,000	12.00	2	POLEAS
 4710792763828	POLEA DE PARTIDA ST038	$0	$13,000	$12,000	4.00	2	POLEAS
 PL100	POLEA DE PARTIDA STIHL 170-180-210-230-250	$0	$9,000	$8,000	12.00	2	POLEAS
 PL101	POLEA DE PARTIDA STIHL 260	$0	$9,000	$8,000	2.00	2	POLEAS
 UUU243624001	POLEA MOTO CHINA 25CC	$0	$20,000	$18,000	2.00	2	POLEAS
 PL108	POLEA MOTOSIERRA MS361-360-382-310	$0	$8,000	$7,000	1.00	2	POLEAS
 PORTA FILTRO	PORTA FILTRO	$0	$25,000	$0	1.00	0.000	- Sin Departamento -
 1005	PORTAFILTRO	$0	$25,000	$0	1.00	0.000	- Sin Departamento -
 10000	PULVERIZADORA MANUAL KEULE	$0	$40,000	$0	1.00	1	- Sin Departamento -
 Pñ110	Piñon Flotante 310 390	$0	$35,000	$0	2.00	0.000	- Sin Departamento -
 TR102	REGULADOR CADENA STIHL 170-180	$0	$5,000	$4,000	10.00	2	TENSOR/PERNO/REGULDR
 10	REPARACIÓN CARBURADOR	$0	$25,000	$0	1.00	0.000	MANO DE OBRA
 20	REPARACIÓN COMPLETA	$0	$50,000	$0	1.00	0.000	MANO DE OBRA
 RA103	RESORTE DE ARRANQUE 61	$0	$9,000	$8,000	2.00	2	RESORTE DE ARRANQUE
 RA111	RESORTE DE ARRANQUE CHINA/BAUKER 52-58CC	$0	$9,000	$8,000	1.00	2	RESORTE DE ARRANQUE
 RA112	RESORTE DE ARRANQUE DESMALEZADORA HQV 128L	$0	$8,000	$7,000	4.00	2	RESORTE DE ARRANQUE
 RA105	RESORTE DE ARRANQUE KEULE	$0	$9,000	$8,000	2.00	2	RESORTE DE ARRANQUE
 RA104	RESORTE DE ARRANQUE MS260	$0	$12,000	$11,000	2.00	2	RESORTE DE ARRANQUE
 RA101	RESORTE DE ARRANQUE RAISMAN STIHL 070-08	$0	$8,000	$7,000	3.00	2	RESORTE DE ARRANQUE
 RA100	RESORTE DE ARRANQUE SUPERSTEEL 236	$0	$10,000	$8,500	4.00	2	RESORTE DE ARRANQUE
 RA102	RESORTE DE ARRANQUE SUPERSTEEL 450 SINGLE	$0	$12,000	$11,000	4.00	2	RESORTE DE ARRANQUE
 RA106	RESORTE DE ARRANQUE SUPERSTEEL HUS128	$0	$8,000	$7,000	0.00	2	RESORTE DE ARRANQUE
 PL102	RESORTE DE PARTIDA 236	$0	$8,000	$7,000	3.00	2	POLEAS
 UUU0093061001	RESORTE DE PARTIDA DESBROZADORA	$0	$8,000	$7,000	5.00	2	POLEAS
 143	RESORTE DE PARTIDA HQV 143	$0	$8,000	$7,000	2.00	1	RESORTE DE ARRANQUE
 RA107	RESORTE DE PARTIDA HQV 61	$0	$8,000	$7,000	4.00	2	RESORTE DE ARRANQUE
 609 430 061	RESORTE DE PARTIDA RAISMAN (4MMX0,5MM)	$0	$9,000	$8,000	3.00	2	RESORTE DE ARRANQUE
 4710462421324	RESORTE DE PARTIDA ST-038-051	$0	$10,000	$9,000	1.00	2	- Sin Departamento -
 503 520 105	RESORTE PARTIDA MOTOSIERRA BAUKER/CHINA 58CC	$0	$9,000	$8,000	3.00	2	RESORTE DE ARRANQUE
 R103	RETEN 260-360 COMPLETO	$0	$20,000	$18,000	3.00	2	RETENES
 R104	RETEN 361 GRANDE	$0	$10,000	$9,000	13.00	2	RETENES
 R102	RETEN 361 PEQUEÑO	$0	$9,000	$8,000	11.00	2	RETENES
 R111	RETEN FS 120-200-250	$0	$6,000	$5,000	10.00	2	RETENES
 R106	RETEN FS38	$0	$12,000	$11,000	4.00	2	RETENES
 R112	RETEN HQV 236	$0	$8,000	$7,000	1.00	2	RETENES
 R105	RETEN HQV 365-372	$0	$15,000	$13,500	2.00	2	RETENES
 R101	RETEN HQV 435-440	$0	$20,000	$18,000	0.00	2	RETENES
 R107	RETEN HQV 445	$0	$12,000	$10,000	1.00	2	RETENES
 R108	RETEN HQV 61-268	$0	$12,000	$11,000	9.00	2	RETENES
 R113	RETEN STIHL 038	$0	$8,000	$7,000	2.00	2	RETENES
 R109	RETEN STIHL 310-390	$0	$6,000	$5,000	6.00	2	RETENES
 R114	RETEN STIHL 381	$0	$20,000	$18,500	1.00	2	RETENES
 R110	RETEN STIHL 382	$0	$20,000	$18,000	1.00	2	RETENES
 R100	RETENES STIHL 170-180-210-230-250	$0	$12,000	$11,000	19.00	2	RETENES
 RODAMIENTO	RODAMIENTO DE TAMBOR CHINO	$0	$6,000	$0	2.00	0.000	- Sin Departamento -
 739210357139	RODAMIENTO PFI STIHL MS380-381-310-390	$1,700	$7,500	$6,500	4.00	2	RODAMIENTOS
 RD100	RODAMIENTO ROGECA 6002	$0	$6,000	$5,000	7.00	2	RODAMIENTOS
 RD103	RODAMIENTO STIHL 170-180-210-230-250	$0	$5,000	$4,000	7.00	2	RODAMIENTOS
 RD104	RODAMIENTO TAMBOR STIHL MS380-381-038	$0	$5,000	$4,000	2.00	2	RODAMIENTOS
 RD102	RODAMIENTOS 361-310	$0	$8,000	$7,000	1.00	2	RODAMIENTOS
 739210356989	RODAMIENTOS PFI 6202	$0	$7,500	$6,500	10.00	2	RODAMIENTOS
 766143837509	RODAMIENTOS VARIOS	$0	$6,000	$5,000	7.00	2	RODAMIENTOS
 RADAMENTO TAMBOR 361	Rodamiento Tambor 361 Grueso	$0	$7,000	$0	5.00	0.000	RODAMIENTOS
 570	SALVAMANOS MS361	$0	$20,000	$0	1.00	2	- Sin Departamento -
 590	SALVAMANOS MS380	$0	$20,000	$0	1.00	2	- Sin Departamento -
 1024	SEGURO TRINQUTE 038 380 STIHL	$0	$1,000	$0	10.00	0.000	- Sin Departamento -
 SF101	SINFIN 170-180-210-230-250	$0	$9,000	$8,000	13.00	2	SIN FIN
 SF103	SINFIN 360-310	$0	$9,000	$8,000	3.00	2	SIN FIN
 SF102	SINFIN 361	$0	$9,000	$8,000	9.00	2	SIN FIN
 SF106	SINFIN 380-038	$0	$5,000	$4,000	4.00	2	SIN FIN
 SF105	SINFIN HQV 445	$0	$9,000	$8,000	2.00	2	SIN FIN
 SF104	SINFIN HQV 61-268	$0	$5,000	$4,500	4.00	2	SIN FIN
 SF107	SINFIN MOTOSIERRA CHINA	$0	$10,000	$9,000	2.00	2	SIN FIN
 SF100	SINFIN MOTOSIERRA MS180	$0	$9,000	$8,000	4.00	2	SIN FIN
 PL107	SISTEMA DE PARTIDA HQV	$0	$9,000	$8,000	2.00	2	POLEAS
 SOPORTE	SOPORTE DESMALEZADORA	$0	$40,000	$0	1.00	0.000	- Sin Departamento -
 EME000	TAMBOR DE EMBRAGUE HQV61-268	$0	$35,000	$34,000	3.00	2	TAMBORES
 EME008	TAMBOR DE EMBRAGUE PLUSS STIHL MS390 FIJO 3/8 X7 DIENTES C/ROD	$0	$35,000	$32,000	1.00	2	TAMBORES
 5400182111986	TAMBOR DE EMBRAGUE STIHL 038	$0	$27,000	$26,000	2.00	2	TAMBORES
 T104	TAMBOR DE EMBRAGUE STIHL MS250 325 X7	$0	$25,000	$23,000	0.00	2	TAMBORES
 T100	TAMBOR DESBROZADO	$0	$20,000	$18,500	2.00	2	TAMBORES
 EME022	TAMBOR EMBRAGUE C/RODAMIENTO PLUSS HQV450 .325X7	$0	$35,000	$33,000	1.00	2	TAMBORES
 EME 017	TAMBOR EMBRAGUE HQV 365	$0	$35,000	$0	1.00	0.000	- Sin Departamento -
 ENE019	TAMBOR EMBRAGUE HQV0445	$0	$35,000	$0	1.00	0.000	EMBRAGUES
 EME017	TAMBOR EMBRAGUE HS236 FIJO 0.325 X7 DIENTE C/ROD	$0	$30,000	$28,000	2.00	2	TAMBORES
 T101	TAMBOR SUPERSTEEL CHINO 5200-5800	$0	$25,000	$23,000	4.00	2	TAMBORES
 T102	TAMBOR SUPERSTEEL CHINO HQV	$0	$25,000	$23,000	1.00	2	TAMBORES
 T103	TAMBOR+PIÑON MOTO C/MS250 .325 7T	$0	$25,000	$23,500	3.00	2	TAMBORES
 EME016	TAMBORES EMBRAGUE PLUSS ST361 3/8X7 DIENTES CON CORONA Y RODAMIENTO	$0	$35,000	$32,000	5.00	2	TAMBORES
 431	TAOA DE ARRANQUE  HQV440	$0	$35,000	$32,000	1.00	1	- Sin Departamento -
 420	TAPA ARRANQUE CORTADORA DE PASTO BRIGGS&STRATTON	$0	$45,000	$0	1.00	2	- Sin Departamento -
 430	TAPA ARRANQUE HQV445-450	$0	$30,000	$0	1.00	2	- Sin Departamento -
 460	TAPA DE ARRANQUE AOLLADOR CHINO VARIOS	$0	$25,000	$0	3.00	2	- Sin Departamento -
 490	TAPA DE ARRANQUE DESBROZADORA AOLLADOR COMPLETA	$0	$30,000	$0	1.00	2	- Sin Departamento -
 470	TAPA DE ARRANQUE DESBROZADORA CHINA 26CC	$0	$20,000	$0	1.00	2	- Sin Departamento -
 480	TAPA DE ARRANQUE HQV143	$0	$25,000	$0	1.00	2	- Sin Departamento -
 440	TAPA DE ARRANQUE HQV435-440	$0	$35,000	$0	1.00	2	- Sin Departamento -
 450	TAPA DE ARRANQUE MTR ESTACIONARIO HONDA	$0	$25,000	$0	1.00	2	- Sin Departamento -
 410	TAPA DE ARRANQUE STIHL MS360	$0	$30,000	$0	2.00	2	- Sin Departamento -
 890	TAPA DE BENCINA HQV61	$0	$8,000	$7,000	1.00	2	- Sin Departamento -
 500	TAPA DE CADENA CHINA	$0	$25,000	$0	1.00	2	- Sin Departamento -
 510	TAPA DE CADENA PODADORA EN ALTURA CHINA	$0	$15,000	$0	1.00	2	- Sin Departamento -
 870	TAPA DE COMBUSTIBLE MOTOSIERRA STIHL180	$0	$8,000	$7,000	3.00	2	- Sin Departamento -
 4710462425629	TAPA DEPOSITO ACEITE HQV 61	$0	$3,000	$2,000	3.00	2	AMORTIGUADORES
 880	TAPA MOTOSIERRA BENCINA STIHL 250-360-390	$0	$8,000	$7,000	2.00	2	- Sin Departamento -
 TR105	TENSOR CADENA HQV 61-268	$0	$5,000	$4,000	2.00	2	TENSOR/PERNO/REGULDR
 TR100	TENSOR CADENA HQV235-236	$0	$5,000	$4,000	10.00	2	TENSOR/PERNO/REGULDR
 805232013053	TENSOR CADENA RAISMAN STIHL 380-381	$0	$5,000	$4,000	2.00	2	TENSOR/PERNO/REGULDR
 1021	TRINQUETE DESBROSADORA STHIL	$0	$5,000	$4,500	4.00	1	- Sin Departamento -
 503 381 046	TRINQUETE RAISMAN MOTOSIERRA STIHL MS380-381-038	$1,600	$5,000	$4,000	4.00	2	- Sin Departamento -
 1023	TRINQUETE STIHL 380- 038	$0	$2,000	$0	18.00	0.000	- Sin Departamento -
 503025063	TRINQUETES RAISMAN PARA MOTOSIERRA STIHL	$0	$5,000	$4,500	10.00	2	- Sin Departamento -
 589901	TUERCA DE BARRA HEXAGONAL MS250	$190	$2,000	$1,800	15.00	2	- Sin Departamento -
 1010	TUERCA ESPADA HQV	$0	$2,000	$1,500	11.00	2	- Sin Departamento -
 503360053	TUERCA ESPADA STIHL	$0	$2,000	$1,500	20.00	2	- Sin Departamento -
 TAPA 	Tapa Podador Altura	$0	$20,000	$0	1.00	0.000	- Sin Departamento -
 111111	Trinquetes Metalicos Varios Modelos	$0	$10,000	$0	4.00	0.000	- Sin Departamento -
 900	VALVULA DESCOMPRESION 	$0	$15,000	$14,000	4.00	2	- Sin Departamento -
 970	VOLANTE STIHL MS361	$0	$40,000	$0	2.00	2	- Sin Departamento -
